[
    {
        "name": "Afghanistan",
        "alpha-2": "AF",
        "alpha-3": "AFG",
        "continent-code": "AS"
    },
    {
        "name": "Åland Islands",
        "alpha-2": "AX",
        "alpha-3": "ALA",
        "continent-code": "EU"
    },
    {
        "name": "Albania",
        "alpha-2": "AL",
        "alpha-3": "ALB",
        "continent-code": "EU"
    },
    {
        "name": "Algeria",
        "alpha-2": "DZ",
        "alpha-3": "DZA",
        "continent-code": "AF"
    },
    {
        "name": "American Samoa",
        "alpha-2": "AS",
        "alpha-3": "ASM",
        "continent-code": "OC"
    },
    {
        "name": "Andorra",
        "alpha-2": "AD",
        "alpha-3": "AND",
        "continent-code": "EU"
    },
    {
        "name": "Angola",
        "alpha-2": "AO",
        "alpha-3": "AGO",
        "continent-code": "AF"
    },
    {
        "name": "Anguilla",
        "alpha-2": "AI",
        "alpha-3": "AIA",
        "continent-code": "NA"
    },
    {
        "name": "Antarctica",
        "alpha-2": "AQ",
        "alpha-3": "ATA",
        "continent-code": "AN"
    },
    {
        "name": "Antigua and Barbuda",
        "alpha-2": "AG",
        "alpha-3": "ATG",
        "continent-code": "NA"
    },
    {
        "name": "Argentina",
        "alpha-2": "AR",
        "alpha-3": "ARG",
        "continent-code": "SA"
    },
    {
        "name": "Armenia",
        "alpha-2": "AM",
        "alpha-3": "ARM",
        "continent-code": "AS"
    },
    {
        "name": "Aruba",
        "alpha-2": "AW",
        "alpha-3": "ABW",
        "continent-code": "NA"
    },
    {
        "name": "Australia",
        "alpha-2": "AU",
        "alpha-3": "AUS",
        "continent-code": "OC"
    },
    {
        "name": "Austria",
        "alpha-2": "AT",
        "alpha-3": "AUT",
        "continent-code": "EU"
    },
    {
        "name": "Azerbaijan",
        "alpha-2": "AZ",
        "alpha-3": "AZE",
        "continent-code": "AS"
    },
    {
        "name": "Bahamas",
        "alpha-2": "BS",
        "alpha-3": "BHS",
        "continent-code": "NA"
    },
    {
        "name": "Bahrain",
        "alpha-2": "BH",
        "alpha-3": "BHR",
        "continent-code": "AS"
    },
    {
        "name": "Bangladesh",
        "alpha-2": "BD",
        "alpha-3": "BGD",
        "continent-code": "AS"
    },
    {
        "name": "Barbados",
        "alpha-2": "BB",
        "alpha-3": "BRB",
        "continent-code": "NA"
    },
    {
        "name": "Belarus",
        "alpha-2": "BY",
        "alpha-3": "BLR",
        "continent-code": "EU"
    },
    {
        "name": "Belgium",
        "alpha-2": "BE",
        "alpha-3": "BEL",
        "continent-code": "EU"
    },
    {
        "name": "Belize",
        "alpha-2": "BZ",
        "alpha-3": "BLZ",
        "continent-code": "NA"
    },
    {
        "name": "Benin",
        "alpha-2": "BJ",
        "alpha-3": "BEN",
        "continent-code": "AF"
    },
    {
        "name": "Bermuda",
        "alpha-2": "BM",
        "alpha-3": "BMU",
        "continent-code": "NA"
    },
    {
        "name": "Bhutan",
        "alpha-2": "BT",
        "alpha-3": "BTN",
        "continent-code": "AS"
    },
    {
        "name": "Bolivia, Plurinational State of",
        "alpha-2": "BO",
        "alpha-3": "BOL",
        "continent-code": "SA"
    },
    {
        "name": "Bonaire, Sint Eustatius and Saba",
        "alpha-2": "BQ",
        "alpha-3": "BES",
        "continent-code": "SA"
    },
    {
        "name": "Bosnia and Herzegovina",
        "alpha-2": "BA",
        "alpha-3": "BIH",
        "continent-code": "EU"
    },
    {
        "name": "Botswana",
        "alpha-2": "BW",
        "alpha-3": "BWA",
        "continent-code": "AF"
    },
    {
        "name": "Bouvet Island",
        "alpha-2": "BV",
        "alpha-3": "BVT",
        "continent-code": "SA"
    },
    {
        "name": "Brazil",
        "alpha-2": "BR",
        "alpha-3": "BRA",
        "continent-code": "SA"
    },
    {
        "name": "British Indian Ocean Territory",
        "alpha-2": "IO",
        "alpha-3": "IOT",
        "continent-code": "AF"
    },
    {
        "name": "Brunei Darussalam",
        "alpha-2": "BN",
        "alpha-3": "BRN",
        "continent-code": "AS"
    },
    {
        "name": "Bulgaria",
        "alpha-2": "BG",
        "alpha-3": "BGR",
        "continent-code": "EU"
    },
    {
        "name": "Burkina Faso",
        "alpha-2": "BF",
        "alpha-3": "BFA",
        "continent-code": "AF"
    },
    {
        "name": "Burundi",
        "alpha-2": "BI",
        "alpha-3": "BDI",
        "continent-code": "AF"
    },
    {
        "name": "Cabo Verde",
        "alpha-2": "CV",
        "alpha-3": "CPV",
        "continent-code": "AF"
    },
    {
        "name": "Cambodia",
        "alpha-2": "KH",
        "alpha-3": "KHM",
        "continent-code": "AS"
    },
    {
        "name": "Cameroon",
        "alpha-2": "CM",
        "alpha-3": "CMR",
        "continent-code": "AF"
    },
    {
        "name": "Canada",
        "alpha-2": "CA",
        "alpha-3": "CAN",
        "continent-code": "NA"
    },
    {
        "name": "Cayman Islands",
        "alpha-2": "KY",
        "alpha-3": "CYM",
        "continent-code": "NA"
    },
    {
        "name": "Central African Republic",
        "alpha-2": "CF",
        "alpha-3": "CAF",
        "continent-code": "AF"
    },
    {
        "name": "Chad",
        "alpha-2": "TD",
        "alpha-3": "TCD",
        "continent-code": "AF"
    },
    {
        "name": "Chile",
        "alpha-2": "CL",
        "alpha-3": "CHL",
        "continent-code": "SA"
    },
    {
        "name": "China",
        "alpha-2": "CN",
        "alpha-3": "CHN",
        "continent-code": "AS"
    },
    {
        "name": "Christmas Island",
        "alpha-2": "CX",
        "alpha-3": "CXR",
        "continent-code": "OC"
    },
    {
        "name": "Cocos (Keeling) Islands",
        "alpha-2": "CC",
        "alpha-3": "CCK",
        "continent-code": "OC"
    },
    {
        "name": "Colombia",
        "alpha-2": "CO",
        "alpha-3": "COL",
        "continent-code": "SA"
    },
    {
        "name": "Comoros",
        "alpha-2": "KM",
        "alpha-3": "COM",
        "continent-code": "AF"
    },
    {
        "name": "Congo",
        "alpha-2": "CG",
        "alpha-3": "COG",
        "continent-code": "AF"
    },
    {
        "name": "Congo, Democratic Republic of the",
        "alpha-2": "CD",
        "alpha-3": "COD",
        "continent-code": "AF"
    },
    {
        "name": "Cook Islands",
        "alpha-2": "CK",
        "alpha-3": "COK",
        "continent-code": "OC"
    },
    {
        "name": "Costa Rica",
        "alpha-2": "CR",
        "alpha-3": "CRI",
        "continent-code": "NA"
    },
    {
        "name": "Côte d'Ivoire",
        "alpha-2": "CI",
        "alpha-3": "CIV",
        "continent-code": "AF"
    },
    {
        "name": "Croatia",
        "alpha-2": "HR",
        "alpha-3": "HRV",
        "continent-code": "EU"
    },
    {
        "name": "Cuba",
        "alpha-2": "CU",
        "alpha-3": "CUB",
        "continent-code": "NA"
    },
    {
        "name": "Curaçao",
        "alpha-2": "CW",
        "alpha-3": "CUW",
        "continent-code": "NA"
    },
    {
        "name": "Cyprus",
        "alpha-2": "CY",
        "alpha-3": "CYP",
        "continent-code": "AS"
    },
    {
        "name": "Czechia",
        "alpha-2": "CZ",
        "alpha-3": "CZE",
        "continent-code": "EU"
    },
    {
        "name": "Denmark",
        "alpha-2": "DK",
        "alpha-3": "DNK",
        "continent-code": "EU"
    },
    {
        "name": "Djibouti",
        "alpha-2": "DJ",
        "alpha-3": "DJI",
        "continent-code": "AF"
    },
    {
        "name": "Dominica",
        "alpha-2": "DM",
        "alpha-3": "DMA",
        "continent-code": "NA"
    },
    {
        "name": "Dominican Republic",
        "alpha-2": "DO",
        "alpha-3": "DOM",
        "continent-code": "NA"
    },
    {
        "name": "Ecuador",
        "alpha-2": "EC",
        "alpha-3": "ECU",
        "continent-code": "SA"
    },
    {
        "name": "Egypt",
        "alpha-2": "EG",
        "alpha-3": "EGY",
        "continent-code": "AF"
    },
    {
        "name": "El Salvador",
        "alpha-2": "SV",
        "alpha-3": "SLV",
        "continent-code": "NA"
    },
    {
        "name": "Equatorial Guinea",
        "alpha-2": "GQ",
        "alpha-3": "GNQ",
        "continent-code": "AF"
    },
    {
        "name": "Eritrea",
        "alpha-2": "ER",
        "alpha-3": "ERI",
        "continent-code": "AF"
    },
    {
        "name": "Estonia",
        "alpha-2": "EE",
        "alpha-3": "EST",
        "continent-code": "EU"
    },
    {
        "name": "Eswatini",
        "alpha-2": "SZ",
        "alpha-3": "SWZ",
        "continent-code": "AF"
    },
    {
        "name": "Ethiopia",
        "alpha-2": "ET",
        "alpha-3": "ETH",
        "continent-code": "AF"
    },
    {
        "name": "Falkland Islands (Malvinas)",
        "alpha-2": "FK",
        "alpha-3": "FLK",
        "continent-code": "SA"
    },
    {
        "name": "Faroe Islands",
        "alpha-2": "FO",
        "alpha-3": "FRO",
        "continent-code": "EU"
    },
    {
        "name": "Fiji",
        "alpha-2": "FJ",
        "alpha-3": "FJI",
        "continent-code": "OC"
    },
    {
        "name": "Finland",
        "alpha-2": "FI",
        "alpha-3": "FIN",
        "continent-code": "EU"
    },
    {
        "name": "France",
        "alpha-2": "FR",
        "alpha-3": "FRA",
        "continent-code": "EU"
    },
    {
        "name": "French Guiana",
        "alpha-2": "GF",
        "alpha-3": "GUF",
        "continent-code": "SA"
    },
    {
        "name": "French Polynesia",
        "alpha-2": "PF",
        "alpha-3": "PYF",
        "continent-code": "OC"
    },
    {
        "name": "French Southern Territories",
        "alpha-2": "TF",
        "alpha-3": "ATF",
        "continent-code": "AF"
    },
    {
        "name": "Gabon",
        "alpha-2": "GA",
        "alpha-3": "GAB",
        "continent-code": "AF"
    },
    {
        "name": "Gambia",
        "alpha-2": "GM",
        "alpha-3": "GMB",
        "continent-code": "AF"
    },
    {
        "name": "Georgia",
        "alpha-2": "GE",
        "alpha-3": "GEO",
        "continent-code": "AS"
    },
    {
        "name": "Germany",
        "alpha-2": "DE",
        "alpha-3": "DEU",
        "continent-code": "EU"
    },
    {
        "name": "Ghana",
        "alpha-2": "GH",
        "alpha-3": "GHA",
        "continent-code": "AF"
    },
    {
        "name": "Gibraltar",
        "alpha-2": "GI",
        "alpha-3": "GIB",
        "continent-code": "EU"
    },
    {
        "name": "Greece",
        "alpha-2": "GR",
        "alpha-3": "GRC",
        "continent-code": "EU"
    },
    {
        "name": "Greenland",
        "alpha-2": "GL",
        "alpha-3": "GRL",
        "continent-code": "NA"
    },
    {
        "name": "Grenada",
        "alpha-2": "GD",
        "alpha-3": "GRD",
        "continent-code": "NA"
    },
    {
        "name": "Guadeloupe",
        "alpha-2": "GP",
        "alpha-3": "GLP",
        "continent-code": "NA"
    },
    {
        "name": "Guam",
        "alpha-2": "GU",
        "alpha-3": "GUM",
        "continent-code": "OC"
    },
    {
        "name": "Guatemala",
        "alpha-2": "GT",
        "alpha-3": "GTM",
        "continent-code": "NA"
    },
    {
        "name": "Guernsey",
        "alpha-2": "GG",
        "alpha-3": "GGY",
        "continent-code": "EU"
    },
    {
        "name": "Guinea",
        "alpha-2": "GN",
        "alpha-3": "GIN",
        "continent-code": "AF"
    },
    {
        "name": "Guinea-Bissau",
        "alpha-2": "GW",
        "alpha-3": "GNB",
        "continent-code": "AF"
    },
    {
        "name": "Guyana",
        "alpha-2": "GY",
        "alpha-3": "GUY",
        "continent-code": "SA"
    },
    {
        "name": "Haiti",
        "alpha-2": "HT",
        "alpha-3": "HTI",
        "continent-code": "NA"
    },
    {
        "name": "Heard Island and McDonald Islands",
        "alpha-2": "HM",
        "alpha-3": "HMD",
        "continent-code": "OC"
    },
    {
        "name": "Holy See",
        "alpha-2": "VA",
        "alpha-3": "VAT",
        "continent-code": "EU"
    },
    {
        "name": "Honduras",
        "alpha-2": "HN",
        "alpha-3": "HND",
        "continent-code": "NA"
    },
    {
        "name": "Hong Kong",
        "alpha-2": "HK",
        "alpha-3": "HKG",
        "continent-code": "AS"
    },
    {
        "name": "Hungary",
        "alpha-2": "HU",
        "alpha-3": "HUN",
        "continent-code": "EU"
    },
    {
        "name": "Iceland",
        "alpha-2": "IS",
        "alpha-3": "ISL",
        "continent-code": "EU"
    },
    {
        "name": "India",
        "alpha-2": "IN",
        "alpha-3": "IND",
        "continent-code": "AS"
    },
    {
        "name": "Indonesia",
        "alpha-2": "ID",
        "alpha-3": "IDN",
        "continent-code": "AS"
    },
    {
        "name": "Iran, Islamic Republic of",
        "alpha-2": "IR",
        "alpha-3": "IRN",
        "continent-code": "AS"
    },
    {
        "name": "Iraq",
        "alpha-2": "IQ",
        "alpha-3": "IRQ",
        "continent-code": "AS"
    },
    {
        "name": "Ireland",
        "alpha-2": "IE",
        "alpha-3": "IRL",
        "continent-code": "EU"
    },
    {
        "name": "Isle of Man",
        "alpha-2": "IM",
        "alpha-3": "IMN",
        "continent-code": "EU"
    },
    {
        "name": "Israel",
        "alpha-2": "IL",
        "alpha-3": "ISR",
        "continent-code": "AS"
    },
    {
        "name": "Italy",
        "alpha-2": "IT",
        "alpha-3": "ITA",
        "continent-code": "EU"
    },
    {
        "name": "Jamaica",
        "alpha-2": "JM",
        "alpha-3": "JAM",
        "continent-code": "NA"
    },
    {
        "name": "Japan",
        "alpha-2": "JP",
        "alpha-3": "JPN",
        "continent-code": "AS"
    },
    {
        "name": "Jersey",
        "alpha-2": "JE",
        "alpha-3": "JEY",
        "continent-code": "EU"
    },
    {
        "name": "Jordan",
        "alpha-2": "JO",
        "alpha-3": "JOR",
        "continent-code": "AS"
    },
    {
        "name": "Kazakhstan",
        "alpha-2": "KZ",
        "alpha-3": "KAZ",
        "continent-code": "AS"
    },
    {
        "name": "Kenya",
        "alpha-2": "KE",
        "alpha-3": "KEN",
        "continent-code": "AF"
    },
    {
        "name": "Kiribati",
        "alpha-2": "KI",
        "alpha-3": "KIR",
        "continent-code": "OC"
    },
    {
        "name": "Korea, Democratic People's Republic of",
        "alpha-2": "KP",
        "alpha-3": "PRK",
        "continent-code": "AS"
    },
    {
        "name": "Korea, Republic of",
        "alpha-2": "KR",
        "alpha-3": "KOR",
        "continent-code": "AS"
    },
    {
        "name": "Kuwait",
        "alpha-2": "KW",
        "alpha-3": "KWT",
        "continent-code": "AS"
    },
    {
        "name": "Kyrgyzstan",
        "alpha-2": "KG",
        "alpha-3": "KGZ",
        "continent-code": "AS"
    },
    {
        "name": "Lao People's Democratic Republic",
        "alpha-2": "LA",
        "alpha-3": "LAO",
        "continent-code": "AS"
    },
    {
        "name": "Latvia",
        "alpha-2": "LV",
        "alpha-3": "LVA",
        "continent-code": "EU"
    },
    {
        "name": "Lebanon",
        "alpha-2": "LB",
        "alpha-3": "LBN",
        "continent-code": "AS"
    },
    {
        "name": "Lesotho",
        "alpha-2": "LS",
        "alpha-3": "LSO",
        "continent-code": "AF"
    },
    {
        "name": "Liberia",
        "alpha-2": "LR",
        "alpha-3": "LBR",
        "continent-code": "AF"
    },
    {
        "name": "Libya",
        "alpha-2": "LY",
        "alpha-3": "LBY",
        "continent-code": "AF"
    },
    {
        "name": "Liechtenstein",
        "alpha-2": "LI",
        "alpha-3": "LIE",
        "continent-code": "EU"
    },
    {
        "name": "Lithuania",
        "alpha-2": "LT",
        "alpha-3": "LTU",
        "continent-code": "EU"
    },
    {
        "name": "Luxembourg",
        "alpha-2": "LU",
        "alpha-3": "LUX",
        "continent-code": "EU"
    },
    {
        "name": "Macao",
        "alpha-2": "MO",
        "alpha-3": "MAC",
        "continent-code": "AS"
    },
    {
        "name": "Madagascar",
        "alpha-2": "MG",
        "alpha-3": "MDG",
        "continent-code": "AF"
    },
    {
        "name": "Malawi",
        "alpha-2": "MW",
        "alpha-3": "MWI",
        "continent-code": "AF"
    },
    {
        "name": "Malaysia",
        "alpha-2": "MY",
        "alpha-3": "MYS",
        "continent-code": "AS"
    },
    {
        "name": "Maldives",
        "alpha-2": "MV",
        "alpha-3": "MDV",
        "continent-code": "AS"
    },
    {
        "name": "Mali",
        "alpha-2": "ML",
        "alpha-3": "MLI",
        "continent-code": "AF"
    },
    {
        "name": "Malta",
        "alpha-2": "MT",
        "alpha-3": "MLT",
        "continent-code": "EU"
    },
    {
        "name": "Marshall Islands",
        "alpha-2": "MH",
        "alpha-3": "MHL",
        "continent-code": "OC"
    },
    {
        "name": "Martinique",
        "alpha-2": "MQ",
        "alpha-3": "MTQ",
        "continent-code": "NA"
    },
    {
        "name": "Mauritania",
        "alpha-2": "MR",
        "alpha-3": "MRT",
        "continent-code": "AF"
    },
    {
        "name": "Mauritius",
        "alpha-2": "MU",
        "alpha-3": "MUS",
        "continent-code": "AF"
    },
    {
        "name": "Mayotte",
        "alpha-2": "YT",
        "alpha-3": "MYT",
        "continent-code": "AF"
    },
    {
        "name": "Mexico",
        "alpha-2": "MX",
        "alpha-3": "MEX",
        "continent-code": "NA"
    },
    {
        "name": "Micronesia, Federated States of",
        "alpha-2": "FM",
        "alpha-3": "FSM",
        "continent-code": "OC"
    },
    {
        "name": "Moldova, Republic of",
        "alpha-2": "MD",
        "alpha-3": "MDA",
        "continent-code": "EU"
    },
    {
        "name": "Monaco",
        "alpha-2": "MC",
        "alpha-3": "MCO",
        "continent-code": "EU"
    },
    {
        "name": "Mongolia",
        "alpha-2": "MN",
        "alpha-3": "MNG",
        "continent-code": "AS"
    },
    {
        "name": "Montenegro",
        "alpha-2": "ME",
        "alpha-3": "MNE",
        "continent-code": "EU"
    },
    {
        "name": "Montserrat",
        "alpha-2": "MS",
        "alpha-3": "MSR",
        "continent-code": "NA"
    },
    {
        "name": "Morocco",
        "alpha-2": "MA",
        "alpha-3": "MAR",
        "continent-code": "AF"
    },
    {
        "name": "Mozambique",
        "alpha-2": "MZ",
        "alpha-3": "MOZ",
        "continent-code": "AF"
    },
    {
        "name": "Myanmar",
        "alpha-2": "MM",
        "alpha-3": "MMR",
        "continent-code": "AS"
    },
    {
        "name": "Namibia",
        "alpha-2": "NA",
        "alpha-3": "NAM",
        "continent-code": "AF"
    },
    {
        "name": "Nauru",
        "alpha-2": "NR",
        "alpha-3": "NRU",
        "continent-code": "OC"
    },
    {
        "name": "Nepal",
        "alpha-2": "NP",
        "alpha-3": "NPL",
        "continent-code": "AS"
    },
    {
        "name": "Netherlands, Kingdom of the",
        "alpha-2": "NL",
        "alpha-3": "NLD",
        "continent-code": "EU"
    },
    {
        "name": "New Caledonia",
        "alpha-2": "NC",
        "alpha-3": "NCL",
        "continent-code": "OC"
    },
    {
        "name": "New Zealand",
        "alpha-2": "NZ",
        "alpha-3": "NZL",
        "continent-code": "OC"
    },
    {
        "name": "Nicaragua",
        "alpha-2": "NI",
        "alpha-3": "NIC",
        "continent-code": "NA"
    },
    {
        "name": "Niger",
        "alpha-2": "NE",
        "alpha-3": "NER",
        "continent-code": "AF"
    },
    {
        "name": "Nigeria",
        "alpha-2": "NG",
        "alpha-3": "NGA",
        "continent-code": "AF"
    },
    {
        "name": "Niue",
        "alpha-2": "NU",
        "alpha-3": "NIU",
        "continent-code": "OC"
    },
    {
        "name": "Norfolk Island",
        "alpha-2": "NF",
        "alpha-3": "NFK",
        "continent-code": "OC"
    },
    {
        "name": "North Macedonia",
        "alpha-2": "MK",
        "alpha-3": "MKD",
        "continent-code": "EU"
    },
    {
        "name": "Northern Mariana Islands",
        "alpha-2": "MP",
        "alpha-3": "MNP",
        "continent-code": "OC"
    },
    {
        "name": "Norway",
        "alpha-2": "NO",
        "alpha-3": "NOR",
        "continent-code": "EU"
    },
    {
        "name": "Oman",
        "alpha-2": "OM",
        "alpha-3": "OMN",
        "continent-code": "AS"
    },
    {
        "name": "Pakistan",
        "alpha-2": "PK",
        "alpha-3": "PAK",
        "continent-code": "AS"
    },
    {
        "name": "Palau",
        "alpha-2": "PW",
        "alpha-3": "PLW",
        "continent-code": "OC"
    },
    {
        "name": "Palestine, State of",
        "alpha-2": "PS",
        "alpha-3": "PSE",
        "continent-code": "AS"
    },
    {
        "name": "Panama",
        "alpha-2": "PA",
        "alpha-3": "PAN",
        "continent-code": "NA"
    },
    {
        "name": "Papua New Guinea",
        "alpha-2": "PG",
        "alpha-3": "PNG",
        "continent-code": "OC"
    },
    {
        "name": "Paraguay",
        "alpha-2": "PY",
        "alpha-3": "PRY",
        "continent-code": "SA"
    },
    {
        "name": "Peru",
        "alpha-2": "PE",
        "alpha-3": "PER",
        "continent-code": "SA"
    },
    {
        "name": "Philippines",
        "alpha-2": "PH",
        "alpha-3": "PHL",
        "continent-code": "AS"
    },
    {
        "name": "Pitcairn",
        "alpha-2": "PN",
        "alpha-3": "PCN",
        "continent-code": "OC"
    },
    {
        "name": "Poland",
        "alpha-2": "PL",
        "alpha-3": "POL",
        "continent-code": "EU"
    },
    {
        "name": "Portugal",
        "alpha-2": "PT",
        "alpha-3": "PRT",
        "continent-code": "EU"
    },
    {
        "name": "Puerto Rico",
        "alpha-2": "PR",
        "alpha-3": "PRI",
        "continent-code": "NA"
    },
    {
        "name": "Qatar",
        "alpha-2": "QA",
        "alpha-3": "QAT",
        "continent-code": "AS"
    },
    {
        "name": "Réunion",
        "alpha-2": "RE",
        "alpha-3": "REU",
        "continent-code": "AF"
    },
    {
        "name": "Romania",
        "alpha-2": "RO",
        "alpha-3": "ROU",
        "continent-code": "EU"
    },
    {
        "name": "Russian Federation",
        "alpha-2": "RU",
        "alpha-3": "RUS",
        "continent-code": "EU"
    },
    {
        "name": "Rwanda",
        "alpha-2": "RW",
        "alpha-3": "RWA",
        "continent-code": "AF"
    },
    {
        "name": "Saint Barthélemy",
        "alpha-2": "BL",
        "alpha-3": "BLM",
        "continent-code": "NA"
    },
    {
        "name": "Saint Helena, Ascension and Tristan da Cunha",
        "alpha-2": "SH",
        "alpha-3": "SHN",
        "continent-code": "AF"
    },
    {
        "name": "Saint Kitts and Nevis",
        "alpha-2": "KN",
        "alpha-3": "KNA",
        "continent-code": "NA"
    },
    {
        "name": "Saint Lucia",
        "alpha-2": "LC",
        "alpha-3": "LCA",
        "continent-code": "NA"
    },
    {
        "name": "Saint Martin (French part)",
        "alpha-2": "MF",
        "alpha-3": "MAF",
        "continent-code": "NA"
    },
    {
        "name": "Saint Pierre and Miquelon",
        "alpha-2": "PM",
        "alpha-3": "SPM",
        "continent-code": "NA"
    },
    {
        "name": "Saint Vincent and the Grenadines",
        "alpha-2": "VC",
        "alpha-3": "VCT",
        "continent-code": "NA"
    },
    {
        "name": "Samoa",
        "alpha-2": "WS",
        "alpha-3": "WSM",
        "continent-code": "OC"
    },
    {
        "name": "San Marino",
        "alpha-2": "SM",
        "alpha-3": "SMR",
        "continent-code": "EU"
    },
    {
        "name": "Sao Tome and Principe",
        "alpha-2": "ST",
        "alpha-3": "STP",
        "continent-code": "AF"
    },
    {
        "name": "Saudi Arabia",
        "alpha-2": "SA",
        "alpha-3": "SAU",
        "continent-code": "AS"
    },
    {
        "name": "Senegal",
        "alpha-2": "SN",
        "alpha-3": "SEN",
        "continent-code": "AF"
    },
    {
        "name": "Serbia",
        "alpha-2": "RS",
        "alpha-3": "SRB",
        "continent-code": "EU"
    },
    {
        "name": "Seychelles",
        "alpha-2": "SC",
        "alpha-3": "SYC",
        "continent-code": "AF"
    },
    {
        "name": "Sierra Leone",
        "alpha-2": "SL",
        "alpha-3": "SLE",
        "continent-code": "AF"
    },
    {
        "name": "Singapore",
        "alpha-2": "SG",
        "alpha-3": "SGP",
        "continent-code": "AS"
    },
    {
        "name": "Sint Maarten (Dutch part)",
        "alpha-2": "SX",
        "alpha-3": "SXM",
        "continent-code": "NA"
    },
    {
        "name": "Slovakia",
        "alpha-2": "SK",
        "alpha-3": "SVK",
        "continent-code": "EU"
    },
    {
        "name": "Slovenia",
        "alpha-2": "SI",
        "alpha-3": "SVN",
        "continent-code": "EU"
    },
    {
        "name": "Solomon Islands",
        "alpha-2": "SB",
        "alpha-3": "SLB",
        "continent-code": "OC"
    },
    {
        "name": "Somalia",
        "alpha-2": "SO",
        "alpha-3": "SOM",
        "continent-code": "AF"
    },
    {
        "name": "South Africa",
        "alpha-2": "ZA",
        "alpha-3": "ZAF",
        "continent-code": "AF"
    },
    {
        "name": "South Georgia and the South Sandwich Islands",
        "alpha-2": "GS",
        "alpha-3": "SGS",
        "continent-code": "SA"
    },
    {
        "name": "South Sudan",
        "alpha-2": "SS",
        "alpha-3": "SSD",
        "continent-code": "AF"
    },
    {
        "name": "Spain",
        "alpha-2": "ES",
        "alpha-3": "ESP",
        "continent-code": "EU"
    },
    {
        "name": "Sri Lanka",
        "alpha-2": "LK",
        "alpha-3": "LKA",
        "continent-code": "AS"
    },
    {
        "name": "Sudan",
        "alpha-2": "SD",
        "alpha-3": "SDN",
        "continent-code": "AF"
    },
    {
        "name": "Suriname",
        "alpha-2": "SR",
        "alpha-3": "SUR",
        "continent-code": "SA"
    },
    {
        "name": "Svalbard and Jan Mayen",
        "alpha-2": "SJ",
        "alpha-3": "SJM",
        "continent-code": "EU"
    },
    {
        "name": "Sweden",
        "alpha-2": "SE",
        "alpha-3": "SWE",
        "continent-code": "EU"
    },
    {
        "name": "Switzerland",
        "alpha-2": "CH",
        "alpha-3": "CHE",
        "continent-code": "EU"
    },
    {
        "name": "Syrian Arab Republic",
        "alpha-2": "SY",
        "alpha-3": "SYR",
        "continent-code": "AS"
    },
    {
        "name": "Taiwan, Province of China",
        "alpha-2": "TW",
        "alpha-3": "TWN",
        "continent-code": "AS"
    },
    {
        "name": "Tajikistan",
        "alpha-2": "TJ",
        "alpha-3": "TJK",
        "continent-code": "AS"
    },
    {
        "name": "Tanzania, United Republic of",
        "alpha-2": "TZ",
        "alpha-3": "TZA",
        "continent-code": "AF"
    },
    {
        "name": "Thailand",
        "alpha-2": "TH",
        "alpha-3": "THA",
        "continent-code": "AS"
    },
    {
        "name": "Timor-Leste",
        "alpha-2": "TL",
        "alpha-3": "TLS",
        "continent-code": "AS"
    },
    {
        "name": "Togo",
        "alpha-2": "TG",
        "alpha-3": "TGO",
        "continent-code": "AF"
    },
    {
        "name": "Tokelau",
        "alpha-2": "TK",
        "alpha-3": "TKL",
        "continent-code": "OC"
    },
    {
        "name": "Tonga",
        "alpha-2": "TO",
        "alpha-3": "TON",
        "continent-code": "OC"
    },
    {
        "name": "Trinidad and Tobago",
        "alpha-2": "TT",
        "alpha-3": "TTO",
        "continent-code": "NA"
    },
    {
        "name": "Tunisia",
        "alpha-2": "TN",
        "alpha-3": "TUN",
        "continent-code": "AF"
    },
    {
        "name": "Türkiye",
        "alpha-2": "TR",
        "alpha-3": "TUR",
        "continent-code": "AS"
    },
    {
        "name": "Turkmenistan",
        "alpha-2": "TM",
        "alpha-3": "TKM",
        "continent-code": "AS"
    },
    {
        "name": "Turks and Caicos Islands",
        "alpha-2": "TC",
        "alpha-3": "TCA",
        "continent-code": "NA"
    },
    {
        "name": "Tuvalu",
        "alpha-2": "TV",
        "alpha-3": "TUV",
        "continent-code": "OC"
    },
    {
        "name": "Uganda",
        "alpha-2": "UG",
        "alpha-3": "UGA",
        "continent-code": "AF"
    },
    {
        "name": "Ukraine",
        "alpha-2": "UA",
        "alpha-3": "UKR",
        "continent-code": "EU"
    },
    {
        "name": "United Arab Emirates",
        "alpha-2": "AE",
        "alpha-3": "ARE",
        "continent-code": "AS"
    },
    {
        "name": "United Kingdom of Great Britain and Northern Ireland",
        "alpha-2": "GB",
        "alpha-3": "GBR",
        "continent-code": "EU"
    },
    {
        "name": "United States of America",
        "alpha-2": "US",
        "alpha-3": "USA",
        "continent-code": "NA"
    },
    {
        "name": "United States Minor Outlying Islands",
        "alpha-2": "UM",
        "alpha-3": "UMI",
        "continent-code": "OC"
    },
    {
        "name": "Uruguay",
        "alpha-2": "UY",
        "alpha-3": "URY",
        "continent-code": "SA"
    },
    {
        "name": "Uzbekistan",
        "alpha-2": "UZ",
        "alpha-3": "UZB",
        "continent-code": "AS"
    },
    {
        "name": "Vanuatu",
        "alpha-2": "VU",
        "alpha-3": "VUT",
        "continent-code": "OC"
    },
    {
        "name": "Venezuela, Bolivarian Republic of",
        "alpha-2": "VE",
        "alpha-3": "VEN",
        "continent-code": "SA"
    },
    {
        "name": "Viet Nam",
        "alpha-2": "VN",
        "alpha-3": "VNM",
        "continent-code": "AS"
    },
    {
        "name": "Virgin Islands (British)",
        "alpha-2": "VG",
        "alpha-3": "VGB",
        "continent-code": "NA"
    },
    {
        "name": "Virgin Islands (U.S.)",
        "alpha-2": "VI",
        "alpha-3": "VIR",
        "continent-code": "NA"
    },
    {
        "name": "Wallis and Futuna",
        "alpha-2": "WF",
        "alpha-3": "WLF",
        "continent-code": "OC"
    },
    {
        "name": "Western Sahara",
        "alpha-2": "EH",
        "alpha-3": "ESH",
        "continent-code": "AF"
    },
    {
        "name": "Yemen",
        "alpha-2": "YE",
        "alpha-3": "YEM",
        "continent-code": "AS"
    },
    {
        "name": "Zambia",
        "alpha-2": "ZM",
        "alpha-3": "ZMB",
        "continent-code": "AF"
    },
    {
        "name": "Zimbabwe",
        "alpha-2": "ZW",
        "alpha-3": "ZWE",
        "continent-code": "AF"
    }
]